employee_id,first_name,last_name,email,phone_NUMERIC,job_id,salary,commission_pct,manager_id,department_id
100,Steven,King,SKING,515.123.4567,AD_PRES,24000.00,NULL,NULL,90
101,Neena,Kochhar,NKOCHHAR,515.123.4568,AD_VP,17000.00,NULL,100,90
102,Lex,"De Haan",LDEHAAN,515.123.4569,AD_VP,17000.00,NULL,100,90
103,Alexander,Hunold,AHUNOLD,590.423.4567,IT_PROG,9000.00,NULL,102,60
104,Bruce,Ernst,BERNST,590.423.4568,IT_PROG,6000.00,NULL,103,60
105,David,Austin,DAUSTIN,590.423.4569,IT_PROG,4800.00,NULL,103,60
106,Valli,Pataballa,VPATABAL,590.423.4560,IT_PROG,4800.00,NULL,103,60
107,Diana,Lorentz,DLORENTZ,590.423.5567,IT_PROG,4200.00,NULL,103,60
108,Nancy,Greenberg,NGREENBE,515.124.4569,FI_MGR,12000.00,NULL,101,100
109,Daniel,Faviet,DFAVIET,515.124.4169,FI_ACCOUNT,9000.00,NULL,108,100
110,John,Chen,JCHEN,515.124.4269,FI_ACCOUNT,8200.00,NULL,108,100
111,Ismael,Sciarra,ISCIARRA,515.124.4369,FI_ACCOUNT,7700.00,NULL,108,100
112,"Jose Manuel",Urman,JMURMAN,515.124.4469,FI_ACCOUNT,7800.00,NULL,108,100
113,Luis,Popp,LPOPP,515.124.4567,FI_ACCOUNT,6900.00,NULL,108,100
114,Den,Raphaely,DRAPHEAL,515.127.4561,PU_MAN,11000.00,NULL,100,30
115,Alexander,Khoo,AKHOO,515.127.4562,PU_CLERK,3100.00,NULL,114,30
116,Shelli,Baida,SBAIDA,515.127.4563,PU_CLERK,2900.00,NULL,114,30
117,Sigal,Tobias,STOBIAS,515.127.4564,PU_CLERK,2800.00,NULL,114,30
118,Guy,Himuro,GHIMURO,515.127.4565,PU_CLERK,2600.00,NULL,114,30
119,Karen,Colmenares,KCOLMENA,515.127.4566,PU_CLERK,2500.00,NULL,114,30
120,Matthew,Weiss,MWEISS,650.123.1234,ST_MAN,8000.00,NULL,100,50
121,Adam,Fripp,AFRIPP,650.123.2234,ST_MAN,8200.00,NULL,100,50
122,Payam,Kaufling,PKAUFLIN,650.123.3234,ST_MAN,7900.00,NULL,100,50
123,Shanta,Vollman,SVOLLMAN,650.123.4234,ST_MAN,6500.00,NULL,100,50
124,Kevin,Mourgos,KMOURGOS,650.123.5234,ST_MAN,5800.00,NULL,100,50
125,Julia,Nayer,JNAYER,650.124.1214,ST_CLERK,3200.00,NULL,120,50
126,Irene,Mikkilineni,IMIKKILI,650.124.1224,ST_CLERK,2700.00,NULL,120,50
127,James,Landry,JLANDRY,650.124.1334,ST_CLERK,2400.00,NULL,120,50
128,Steven,Markle,SMARKLE,650.124.1434,ST_CLERK,2200.00,NULL,120,50
129,Laura,Bissot,LBISSOT,650.124.5234,ST_CLERK,3300.00,NULL,121,50
130,Mozhe,Atkinson,MATKINSO,650.124.6234,ST_CLERK,2800.00,NULL,121,50
131,James,Marlow,JAMRLOW,650.124.7234,ST_CLERK,2500.00,NULL,121,50
132,TJ,Olson,TJOLSON,650.124.8234,ST_CLERK,2100.00,NULL,121,50
133,Jason,Mallin,JMALLIN,650.127.1934,ST_CLERK,3300.00,NULL,122,50
134,Michael,Rogers,MROGERS,650.127.1834,ST_CLERK,2900.00,NULL,122,50
135,Ki,Gee,KGEE,650.127.1734,ST_CLERK,2400.00,NULL,122,50
136,Hazel,Philtanker,HPHILTAN,650.127.1634,ST_CLERK,2200.00,NULL,122,50
137,Renske,Ladwig,RLADWIG,650.121.1234,ST_CLERK,3600.00,NULL,123,50
138,Stephen,Stiles,SSTILES,650.121.2034,ST_CLERK,3200.00,NULL,123,50
139,John,Seo,JSEO,650.121.2019,ST_CLERK,2700.00,NULL,123,50
140,Joshua,Patel,JPATEL,650.121.1834,ST_CLERK,2500.00,NULL,123,50
141,Trenna,Rajs,TRAJS,650.121.8009,ST_CLERK,3500.00,NULL,124,50
142,Curtis,Davies,CDAVIES,650.121.2994,ST_CLERK,3100.00,NULL,124,50
143,Randall,Matos,RMATOS,650.121.2874,ST_CLERK,2600.00,NULL,124,50
144,Peter,Vargas,PVARGAS,650.121.2004,ST_CLERK,2500.00,NULL,124,50
180,Winston,Taylor,WTAYLOR,650.507.9876,SH_CLERK,3200.00,NULL,120,50
181,Jean,Fleaur,JFLEAUR,650.507.9877,SH_CLERK,3100.00,NULL,120,50
182,Martha,Sullivan,MSULLIVA,650.507.9878,SH_CLERK,2500.00,NULL,120,50
183,Girard,Geoni,GGEONI,650.507.9879,SH_CLERK,2800.00,NULL,120,50
184,Nandita,Sarchand,NSARCHAN,650.509.1876,SH_CLERK,4200.00,NULL,121,50
185,Alexis,Bull,ABULL,650.509.2876,SH_CLERK,4100.00,NULL,121,50
186,Julia,Dellinger,JDELLING,650.509.3876,SH_CLERK,3400.00,NULL,121,50
187,Anthony,Cabrio,ACABRIO,650.509.4876,SH_CLERK,3000.00,NULL,121,50
188,Kelly,Chung,KCHUNG,650.505.1876,SH_CLERK,3800.00,NULL,122,50
189,Jennifer,Dilly,JDILLY,650.505.2876,SH_CLERK,3600.00,NULL,122,50
190,Timothy,Gates,TGATES,650.505.3876,SH_CLERK,2900.00,NULL,122,50
191,Randall,Perkins,RPERKINS,650.505.4876,SH_CLERK,2500.00,NULL,122,50
192,Sarah,Bell,SBELL,650.501.1876,SH_CLERK,4000.00,NULL,123,50
193,Britney,Everett,BEVERETT,650.501.2876,SH_CLERK,3900.00,NULL,123,50
194,Samuel,McCain,SMCCAIN,650.501.3876,SH_CLERK,3200.00,NULL,123,50
195,Vance,Jones,VJONES,650.501.4876,SH_CLERK,2800.00,NULL,123,50
196,Alana,Walsh,AWALSH,650.507.9811,SH_CLERK,3100.00,NULL,124,50
197,Kevin,Feeney,KFEENEY,650.507.9822,SH_CLERK,3000.00,NULL,124,50
198,Donald,OConnell,DOCONNEL,650.507.9833,SH_CLERK,2600.00,NULL,124,50
199,Douglas,Grant,DGRANT,650.507.9844,SH_CLERK,2600.00,NULL,124,50
200,Jennifer,Whalen,JWHALEN,515.123.4444,AD_ASST,4400.00,NULL,101,10
201,Michael,Hartstein,MHARTSTE,515.123.5555,MK_MAN,13000.00,NULL,100,20
202,Pat,Fay,PFAY,603.123.6666,MK_REP,6000.00,NULL,201,20
203,Susan,Mavris,SMAVRIS,515.123.7777,HR_REP,6500.00,NULL,101,40
204,Hermann,Baer,HBAER,515.123.8888,PR_REP,10000.00,NULL,101,70
